Train Positive,Train Anomaly,Train Accuracy,Test Positive,Test Anomaly,Test Accuracy,Training Days
85,116,42.28855721393035,110,281,28.13299232736573,10
162,125,56.44599303135889,121,184,39.67213114754099,15
252,135,65.11627906976744,98,107,47.80487804878049,20
381,144,72.57142857142857,41,26,61.19402985074627,25
