Train Positive,Train Anomaly,Train Accuracy,Test Positive,Test Anomaly,Test Accuracy,Training Days
218,112,66.06060606060606,319,333,48.92638036809816,10
402,107,78.97838899803537,300,173,63.424947145877375,15
551,114,82.85714285714286,220,97,69.4006309148265,20
715,109,86.77184466019418,114,44,72.15189873417721,25
