Train Positive,Train Anomaly,Train Accuracy,Test Positive,Test Anomaly,Test Accuracy,Training Days
65,66,49.61832061068702,52,151,25.615763546798032,10
98,97,50.256410256410255,44,95,31.654676258992804,15
123,122,50.204081632653065,33,56,37.07865168539326,20
143,131,52.18978102189781,27,33,45.0,25
