Train Positive,Train Anomaly,Train Accuracy,Test Positive,Test Anomaly,Test Accuracy,Training Days
91,72,55.828220858895705,106,255,29.362880886426595,10
135,97,58.189655172413794,105,187,35.95890410958904,15
225,106,67.97583081570997,75,118,38.860103626943,20
299,139,68.2648401826484,45,41,52.32558139534884,25
